"";"x"
"1";"Health & Fitness"
"2";"Health & Fitness"
"3";"Health & Fitness"
"4";"Health & Fitness"
"5";"Health & Fitness"
"6";"Health & Fitness"
"7";"Health & Fitness"
"8";"Health & Fitness"
"9";"Health & Fitness"
"10";"Sports"
"11";"Health & Fitness"
"12";"Medical"
"13";"Health & Fitness"
"14";"Education"
"15";"Medical"
"16";"Health & Fitness"
"17";"Health & Fitness"
"18";"Medical"
"19";"Health & Fitness"
"20";"Health & Fitness"
"21";"Health & Fitness"
"22";"Health & Fitness"
"23";"Health & Fitness"
"24";"Health & Fitness"
"25";"Health & Fitness"
"26";"Medical"
"27";"Health & Fitness"
"28";"Medical"
"29";"Health & Fitness"
"30";"Health & Fitness"
"31";"Health & Fitness"
"32";"Health & Fitness"
"33";"Health & Fitness"
"34";"Health & Fitness"
"35";"Medical"
"36";"Health & Fitness"
"37";"Health & Fitness"
"38";"Health & Fitness"
"39";"Health & Fitness"
"40";"Health & Fitness"
"41";"Health & Fitness"
"42";"Health & Fitness"
"43";"Health & Fitness"
"44";"Health & Fitness"
"45";"Medical"
"46";"Health & Fitness"
"47";"Health & Fitness"
"48";"Health & Fitness"
"49";"Health & Fitness"
"50";"Health & Fitness"
"51";"Sports"
"52";"Health & Fitness"
"53";"Health & Fitness"
"54";"Health & Fitness"
"55";"Medical"
"56";"Health & Fitness"
"57";"Health & Fitness"
"58";"Health & Fitness"
"59";"Health & Fitness"
"60";"Health & Fitness"
"61";"Medical"
"62";"Health & Fitness"
"63";"Health & Fitness"
"64";"Health & Fitness"
"65";"Medical"
"66";"Medical"
"67";"Health & Fitness"
"68";"Health & Fitness"
"69";"Health & Fitness"
"70";"Medical"
"71";"Health & Fitness"
"72";"Health & Fitness"
"73";"Health & Fitness"
"74";"Health & Fitness"
"75";"Health & Fitness"
"76";"Medical"
"77";"Health & Fitness"
"78";"Medical"
"79";"Health & Fitness"
"80";"Health & Fitness"
"81";"Health & Fitness"
"82";"Health & Fitness"
"83";"Medical"
"84";"Lifestyle"
"85";"Lifestyle"
"86";"Health & Fitness"
"87";"Health & Fitness"
"88";"Medical"
"89";"Medical"
"90";"Health & Fitness"
"91";"Shopping"
"92";"Health & Fitness"
"93";"Medical"
"94";"Health & Fitness"
"95";"Lifestyle"
"96";"Lifestyle"
"97";"Medical"
"98";"Games"
"99";"Medical"
"100";"Medical"
"101";"Health & Fitness"
"102";"Finance"
"103";"Health & Fitness"
"104";"Health & Fitness"
"105";"Health & Fitness"
"106";"Medical"
"107";"Medical"
"108";"Lifestyle"
"109";"Medical"
"110";"Health & Fitness"
"111";"Weather"
"112";"Health & Fitness"
"113";"Food & Drink"
"114";"Medical"
"115";"Health & Fitness"
"116";"Health & Fitness"
"117";"Health & Fitness"
"118";"Health & Fitness"
"119";"Health & Fitness"
"120";"Health & Fitness"
"121";"Medical"
"122";"Medical"
"123";"Lifestyle"
"124";"Medical"
"125";"Health & Fitness"
"126";"Health & Fitness"
"127";"Health & Fitness"
"128";"Games"
"129";"Health & Fitness"
"130";"Health & Fitness"
"131";"Social Networking"
"132";"Finance"
"133";"Health & Fitness"
"134";"Medical"
"135";"Health & Fitness"
"136";"Medical"
"137";"Entertainment"
"138";"Medical"
"139";"Lifestyle"
"140";"Health & Fitness"
"141";"Health & Fitness"
"142";"Food & Drink"
"143";"Health & Fitness"
"144";"Health & Fitness"
"145";"Health & Fitness"
"146";"Health & Fitness"
"147";"Health & Fitness"
"148";"Medical"
"149";"Sports"
"150";"Sports"
"151";"Sports"
"152";"Health & Fitness"
"153";"Health & Fitness"
"154";"Health & Fitness"
"155";"Health & Fitness"
"156";"Health & Fitness"
"157";"Health & Fitness"
"158";"Health & Fitness"
"159";"Medical"
"160";"Health & Fitness"
"161";"Health & Fitness"
"162";"Health & Fitness"
"163";"Health & Fitness"
"164";"Health & Fitness"
"165";"Health & Fitness"
"166";"Health & Fitness"
"167";"Lifestyle"
"168";"Health & Fitness"
"169";"Health & Fitness"
"170";"Health & Fitness"
"171";"Health & Fitness"
"172";"Health & Fitness"
"173";"Food & Drink"
"174";"Health & Fitness"
"175";"Health & Fitness"
"176";"Health & Fitness"
"177";"Lifestyle"
"178";"Health & Fitness"
"179";"Medical"
"180";"Health & Fitness"
"181";"Health & Fitness"
"182";"Health & Fitness"
"183";"Health & Fitness"
"184";"Health & Fitness"
"185";"Health & Fitness"
"186";"Medical"
"187";"Health & Fitness"
"188";"Sports"
"189";"Health & Fitness"
"190";"Health & Fitness"
"191";"Travel"
"192";"Health & Fitness"
"193";"Health & Fitness"
"194";"Health & Fitness"
"195";"Medical"
"196";"Medical"
"197";"Health & Fitness"
"198";"Health & Fitness"
"199";"Lifestyle"
"200";"Sports"
"201";"Health & Fitness"
"202";"Health & Fitness"
"203";"Health & Fitness"
"204";"Utilities"
"205";"Medical"
"206";"Health & Fitness"
"207";"Medical"
"208";"Medical"
"209";"Medical"
"210";"Medical"
"211";"Medical"
"212";"Health & Fitness"
"213";"Health & Fitness"
"214";"Medical"
"215";"Health & Fitness"
"216";"Health & Fitness"
"217";"Health & Fitness"
"218";"Health & Fitness"
"219";"Health & Fitness"
"220";"Health & Fitness"
"221";"Health & Fitness"
"222";"Health & Fitness"
"223";"Health & Fitness"
"224";"Health & Fitness"
"225";"Health & Fitness"
"226";"Health & Fitness"
"227";"Health & Fitness"
"228";"Health & Fitness"
"229";"Health & Fitness"
"230";"Health & Fitness"
"231";"Medical"
"232";"Health & Fitness"
"233";"Health & Fitness"
"234";"Lifestyle"
"235";"Lifestyle"
"236";"Health & Fitness"
"237";"Health & Fitness"
"238";"Health & Fitness"
"239";"Health & Fitness"
"240";"Health & Fitness"
"241";"Health & Fitness"
"242";"Medical"
"243";"Health & Fitness"
"244";"Medical"
"245";"Health & Fitness"
"246";"Health & Fitness"
"247";"Medical"
"248";"Health & Fitness"
"249";"Health & Fitness"
"250";"Health & Fitness"
"251";"Medical"
"252";"Health & Fitness"
"253";"Medical"
"254";"Health & Fitness"
"255";"Health & Fitness"
"256";"Medical"
"257";"Health & Fitness"
"258";"Health & Fitness"
"259";"Health & Fitness"
"260";"Health & Fitness"
"261";"Medical"
"262";"Medical"
"263";"Business"
"264";"Utilities"
"265";"Health & Fitness"
"266";"Lifestyle"
"267";"Health & Fitness"
"268";"Health & Fitness"
"269";"Health & Fitness"
"270";"Health & Fitness"
"271";"Medical"
"272";"Medical"
"273";"Health & Fitness"
"274";"Health & Fitness"
"275";"Medical"
"276";"Health & Fitness"
"277";"Business"
"278";"Health & Fitness"
"279";"Health & Fitness"
"280";"Health & Fitness"
"281";"Sports"
"282";"Health & Fitness"
"283";"Medical"
"284";"Medical"
"285";"Medical"
"286";"Medical"
"287";"Health & Fitness"
"288";"Health & Fitness"
"289";"Business"
"290";"Health & Fitness"
"291";"Health & Fitness"
"292";"Food & Drink"
"293";"Food & Drink"
"294";"Health & Fitness"
"295";"Medical"
"296";"Health & Fitness"
"297";"Health & Fitness"
"298";"Medical"
"299";"Medical"
"300";"Health & Fitness"
"301";"Health & Fitness"
"302";"Medical"
"303";"Medical"
"304";"Medical"
"305";"Health & Fitness"
"306";"Health & Fitness"
"307";"Health & Fitness"
"308";"Lifestyle"
"309";"Medical"
"310";"Health & Fitness"
"311";"Health & Fitness"
"312";"Health & Fitness"
"313";"Medical"
"314";"Entertainment"
"315";"Health & Fitness"
"316";"Food & Drink"
"317";"Medical"
"318";"Health & Fitness"
"319";"Health & Fitness"
"320";"Health & Fitness"
"321";"Lifestyle"
"322";"Medical"
"323";"Lifestyle"
"324";"Health & Fitness"
"325";"Health & Fitness"
"326";"Health & Fitness"
"327";"Health & Fitness"
"328";"Health & Fitness"
"329";"Lifestyle"
"330";"Health & Fitness"
"331";"Health & Fitness"
"332";"Medical"
"333";"Health & Fitness"
"334";"Medical"
"335";"Health & Fitness"
"336";"Health & Fitness"
"337";"Lifestyle"
"338";"Health & Fitness"
"339";"Sports"
"340";"Lifestyle"
"341";"Medical"
"342";"Sports"
"343";"Health & Fitness"
"344";"Medical"
"345";"Sports"
"346";"Medical"
"347";"Health & Fitness"
"348";"Productivity"
"349";"Health & Fitness"
"350";"Medical"
"351";"Education"
"352";"Medical"
"353";"Health & Fitness"
"354";"Health & Fitness"
"355";"Health & Fitness"
"356";"Productivity"
"357";"Medical"
"358";"Health & Fitness"
"359";"Medical"
"360";"Medical"
"361";"Medical"
"362";"Health & Fitness"
"363";"Health & Fitness"
"364";"Health & Fitness"
"365";"Health & Fitness"
"366";"Health & Fitness"
"367";"Health & Fitness"
"368";"Health & Fitness"
"369";"Health & Fitness"
"370";"Health & Fitness"
"371";"Health & Fitness"
"372";"Health & Fitness"
"373";"Health & Fitness"
"374";"Health & Fitness"
"375";"Medical"
"376";"Health & Fitness"
"377";"Health & Fitness"
"378";"Lifestyle"
"379";"Health & Fitness"
"380";"Health & Fitness"
"381";"Health & Fitness"
"382";"Health & Fitness"
"383";"Health & Fitness"
"384";"Health & Fitness"
"385";"Education"
"386";"Health & Fitness"
"387";"Medical"
"388";"Health & Fitness"
"389";"Health & Fitness"
"390";"Health & Fitness"
"391";"Health & Fitness"
"392";"Medical"
"393";"Health & Fitness"
"394";"Health & Fitness"
"395";"Medical"
"396";"Medical"
"397";"Health & Fitness"
"398";"Health & Fitness"
"399";"Health & Fitness"
"400";"Lifestyle"
"401";"Medical"
"402";"Health & Fitness"
"403";"Entertainment"
"404";"Lifestyle"
"405";"Health & Fitness"
"406";"Medical"
"407";"Health & Fitness"
"408";"Health & Fitness"
"409";"Health & Fitness"
"410";"Games"
"411";"Medical"
"412";"Medical"
"413";"Health & Fitness"
"414";"Health & Fitness"
"415";"Health & Fitness"
"416";"Sports"
"417";"Health & Fitness"
"418";"Games"
"419";"Lifestyle"
"420";"Health & Fitness"
"421";"Games"
"422";"Food & Drink"
"423";"Medical"
"424";"Health & Fitness"
"425";"Health & Fitness"
"426";"Health & Fitness"
"427";"Lifestyle"
"428";"Medical"
"429";"Health & Fitness"
"430";"Health & Fitness"
"431";"Health & Fitness"
"432";"Food & Drink"
"433";"Health & Fitness"
"434";"Health & Fitness"
"435";"Medical"
"436";"Lifestyle"
"437";"Health & Fitness"
"438";"Medical"
"439";"Medical"
"440";"Health & Fitness"
"441";"Medical"
"442";"Medical"
"443";"Medical"
"444";"Medical"
"445";"Medical"
"446";"Lifestyle"
"447";"Health & Fitness"
"448";"Health & Fitness"
"449";"Medical"
"450";"Health & Fitness"
"451";"Health & Fitness"
"452";"Health & Fitness"
"453";"Medical"
"454";"Medical"
"455";"Health & Fitness"
"456";"Medical"
"457";"Health & Fitness"
"458";"Medical"
"459";"Health & Fitness"
"460";"Health & Fitness"
"461";"Health & Fitness"
"462";"Medical"
"463";"Health & Fitness"
"464";"Health & Fitness"
"465";"Health & Fitness"
"466";"Sports"
"467";"Health & Fitness"
"468";"Medical"
"469";"Health & Fitness"
"470";"Medical"
"471";"Health & Fitness"
"472";"Health & Fitness"
"473";"Lifestyle"
"474";"Health & Fitness"
"475";"Food & Drink"
"476";"Health & Fitness"
"477";"Medical"
"478";"Health & Fitness"
"479";"Health & Fitness"
"480";"Health & Fitness"
"481";"Health & Fitness"
"482";"Health & Fitness"
"483";"Health & Fitness"
"484";"Health & Fitness"
"485";"Games"
"486";"Health & Fitness"
"487";"Food & Drink"
"488";"Health & Fitness"
"489";"Health & Fitness"
"490";"Health & Fitness"
"491";"Health & Fitness"
"492";"Health & Fitness"
"493";"Lifestyle"
"494";"Productivity"
"495";"Health & Fitness"
"496";"Health & Fitness"
"497";"Medical"
"498";"Health & Fitness"
"499";"Medical"
"500";"Lifestyle"
"501";"Health & Fitness"
"502";"Education"
"503";"Health & Fitness"
"504";"Health & Fitness"
"505";"Health & Fitness"
"506";"Health & Fitness"
"507";"Health & Fitness"
"508";"Health & Fitness"
"509";"Health & Fitness"
"510";"Medical"
"511";"Medical"
"512";"Health & Fitness"
"513";"Health & Fitness"
"514";"Health & Fitness"
"515";"Lifestyle"
"516";"Health & Fitness"
"517";"Health & Fitness"
"518";"Health & Fitness"
"519";"Social Networking"
"520";"Health & Fitness"
"521";"Health & Fitness"
"522";"Medical"
"523";"Medical"
"524";"Health & Fitness"
"525";"Health & Fitness"
"526";"Health & Fitness"
"527";"Medical"
"528";"Health & Fitness"
"529";"Health & Fitness"
"530";"Health & Fitness"
"531";"Health & Fitness"
"532";"Health & Fitness"
"533";"Health & Fitness"
"534";"Health & Fitness"
"535";"Health & Fitness"
"536";"Lifestyle"
"537";"Health & Fitness"
"538";"Medical"
"539";"Health & Fitness"
"540";"Medical"
"541";"Medical"
"542";"Health & Fitness"
"543";"Health & Fitness"
"544";"Health & Fitness"
"545";"Health & Fitness"
"546";"Health & Fitness"
"547";"Health & Fitness"
"548";"Entertainment"
"549";"Medical"
"550";"Medical"
"551";"Shopping"
"552";"Medical"
"553";"Medical"
"554";"Education"
"555";"Health & Fitness"
"556";"Health & Fitness"
"557";"Health & Fitness"
"558";"Books"
"559";"Health & Fitness"
"560";"Games"
"561";"Health & Fitness"
"562";"Health & Fitness"
"563";"Sports"
"564";"Social Networking"
"565";"Health & Fitness"
"566";"Health & Fitness"
"567";"Health & Fitness"
"568";"Health & Fitness"
"569";"Entertainment"
"570";"Health & Fitness"
"571";"Health & Fitness"
"572";"Health & Fitness"
"573";"Health & Fitness"
"574";"Health & Fitness"
"575";"Health & Fitness"
"576";"Health & Fitness"
"577";"Health & Fitness"
"578";"Health & Fitness"
"579";"Health & Fitness"
"580";"Health & Fitness"
"581";"Health & Fitness"
"582";"Books"
"583";"Health & Fitness"
"584";"Health & Fitness"
"585";"Health & Fitness"
"586";"Health & Fitness"
"587";"Health & Fitness"
"588";"Health & Fitness"
"589";"Health & Fitness"
"590";"Health & Fitness"
"591";"Health & Fitness"
"592";"Sports"
"593";"Health & Fitness"
"594";"Games"
"595";"Health & Fitness"
"596";"Health & Fitness"
"597";"Health & Fitness"
"598";"Health & Fitness"
"599";"Health & Fitness"
"600";"Health & Fitness"
"601";"Lifestyle"
"602";"Food & Drink"
"603";"Health & Fitness"
"604";"Health & Fitness"
"605";"Health & Fitness"
"606";"Food & Drink"
"607";"Health & Fitness"
"608";"Food & Drink"
"609";"Health & Fitness"
"610";"Lifestyle"
"611";"Medical"
"612";"Lifestyle"
"613";"Food & Drink"
"614";"Health & Fitness"
"615";"Health & Fitness"
"616";"Medical"
"617";"Health & Fitness"
"618";"Food & Drink"
"619";"Health & Fitness"
"620";"Health & Fitness"
"621";"Health & Fitness"
"622";"Health & Fitness"
"623";"Health & Fitness"
"624";"Lifestyle"
"625";"Sports"
"626";"Health & Fitness"
"627";"Health & Fitness"
"628";"Health & Fitness"
"629";"Medical"
"630";"Medical"
"631";"Medical"
"632";"Health & Fitness"
"633";"Health & Fitness"
"634";"Health & Fitness"
"635";"Health & Fitness"
"636";"Health & Fitness"
"637";"Health & Fitness"
"638";"Health & Fitness"
"639";"Health & Fitness"
"640";"Health & Fitness"
"641";"Health & Fitness"
"642";"Health & Fitness"
"643";"Health & Fitness"
"644";"Health & Fitness"
"645";"Education"
"646";"Health & Fitness"
"647";"Medical"
"648";"Health & Fitness"
"649";"Medical"
"650";"Medical"
"651";"Health & Fitness"
"652";"Health & Fitness"
"653";"Health & Fitness"
"654";"Medical"
"655";"Health & Fitness"
"656";"Health & Fitness"
"657";"Health & Fitness"
"658";"Health & Fitness"
"659";"Utilities"
"660";"Medical"
"661";"Health & Fitness"
"662";"Sports"
"663";"Business"
"664";"Health & Fitness"
"665";"Health & Fitness"
"666";"Health & Fitness"
"667";"Health & Fitness"
"668";"Sports"
"669";"Health & Fitness"
"670";"Health & Fitness"
"671";"Health & Fitness"
"672";"Health & Fitness"
"673";"Health & Fitness"
"674";"Sports"
"675";"Health & Fitness"
"676";"Sports"
"677";"Health & Fitness"
"678";"Health & Fitness"
"679";"Medical"
"680";"Health & Fitness"
"681";"Health & Fitness"
"682";"Health & Fitness"
"683";"Health & Fitness"
"684";"Health & Fitness"
"685";"Health & Fitness"
"686";"Health & Fitness"
"687";"Health & Fitness"
"688";"Health & Fitness"
"689";"Medical"
"690";"Health & Fitness"
"691";"Health & Fitness"
"692";"Medical"
"693";"Health & Fitness"
"694";"Health & Fitness"
"695";"Medical"
"696";"Health & Fitness"
"697";"Health & Fitness"
"698";"Medical"
"699";"Health & Fitness"
"700";"Health & Fitness"
"701";"Health & Fitness"
"702";"Health & Fitness"
"703";"Medical"
"704";"Health & Fitness"
"705";"Health & Fitness"
"706";"Medical"
"707";"Medical"
"708";"Medical"
"709";"Food & Drink"
"710";"Health & Fitness"
"711";"Health & Fitness"
"712";"Health & Fitness"
"713";"Medical"
"714";"Health & Fitness"
"715";"Health & Fitness"
"716";"Medical"
"717";"Health & Fitness"
"718";"Health & Fitness"
"719";"Medical"
"720";"Education"
"721";"Health & Fitness"
"722";"Health & Fitness"
"723";"Health & Fitness"
"724";"Health & Fitness"
"725";"Medical"
"726";"Medical"
"727";"Health & Fitness"
"728";"Health & Fitness"
"729";"Health & Fitness"
"730";"Food & Drink"
"731";"Health & Fitness"
"732";"Health & Fitness"
"733";"Medical"
"734";"Health & Fitness"
"735";"Medical"
"736";"Medical"
"737";"Health & Fitness"
"738";"Health & Fitness"
"739";"Health & Fitness"
"740";"Lifestyle"
"741";"Games"
"742";"Lifestyle"
"743";"Health & Fitness"
"744";"Health & Fitness"
"745";"Health & Fitness"
"746";"Health & Fitness"
"747";"Health & Fitness"
"748";"Health & Fitness"
"749";"Health & Fitness"
"750";"Health & Fitness"
"751";"Health & Fitness"
"752";"Health & Fitness"
"753";"Health & Fitness"
"754";"Health & Fitness"
"755";"Medical"
"756";"Medical"
"757";"Health & Fitness"
"758";"Sports"
"759";"Medical"
"760";"Medical"
"761";"Medical"
"762";"Medical"
"763";"Health & Fitness"
"764";"Sports"
"765";"Medical"
"766";"Health & Fitness"
"767";"Medical"
"768";"Health & Fitness"
"769";"Medical"
"770";"Health & Fitness"
"771";"Health & Fitness"
"772";"Health & Fitness"
"773";"Health & Fitness"
"774";"Sports"
"775";"Sports"
"776";"Medical"
"777";"Health & Fitness"
"778";"Medical"
"779";"Health & Fitness"
"780";"Health & Fitness"
"781";"Health & Fitness"
"782";"Health & Fitness"
"783";"Health & Fitness"
"784";"Health & Fitness"
"785";"Medical"
"786";"Health & Fitness"
"787";"Lifestyle"
"788";"Health & Fitness"
"789";"Health & Fitness"
"790";"Health & Fitness"
"791";"Health & Fitness"
"792";"Health & Fitness"
"793";"Health & Fitness"
"794";"Health & Fitness"
"795";"Medical"
"796";"Health & Fitness"
"797";"Health & Fitness"
"798";"Health & Fitness"
"799";"Lifestyle"
"800";"Health & Fitness"
"801";"Health & Fitness"
"802";"Health & Fitness"
"803";"Health & Fitness"
"804";"Health & Fitness"
"805";"Health & Fitness"
"806";"Health & Fitness"
"807";"Health & Fitness"
"808";"Health & Fitness"
"809";"Health & Fitness"
"810";"Health & Fitness"
"811";"Health & Fitness"
"812";"Health & Fitness"
"813";"Medical"
"814";"Health & Fitness"
"815";"Lifestyle"
"816";"Health & Fitness"
"817";"Health & Fitness"
"818";"Medical"
"819";"Lifestyle"
"820";"Lifestyle"
"821";"Health & Fitness"
"822";"Health & Fitness"
"823";"Health & Fitness"
"824";"Health & Fitness"
"825";"Health & Fitness"
"826";"Health & Fitness"
"827";"Education"
"828";"Health & Fitness"
"829";"Health & Fitness"
"830";"Lifestyle"
"831";"Health & Fitness"
"832";"Sports"
"833";"Medical"
"834";"Lifestyle"
"835";"Health & Fitness"
"836";"Medical"
"837";"Medical"
"838";"Health & Fitness"
"839";"Medical"
"840";"Health & Fitness"
"841";"Health & Fitness"
"842";"Health & Fitness"
"843";"Medical"
"844";"Medical"
"845";"Health & Fitness"
"846";"Medical"
"847";"Health & Fitness"
"848";"Lifestyle"
"849";"Health & Fitness"
"850";"Health & Fitness"
"851";"Health & Fitness"
"852";"Health & Fitness"
"853";"Sports"
"854";"Lifestyle"
"855";"Health & Fitness"
"856";"Medical"
"857";"Health & Fitness"
"858";"Health & Fitness"
"859";"Entertainment"
"860";"Games"
"861";"Health & Fitness"
"862";"Health & Fitness"
"863";"Food & Drink"
"864";"Health & Fitness"
"865";"Health & Fitness"
"866";"Sports"
"867";"Health & Fitness"
"868";"Health & Fitness"
"869";"Health & Fitness"
"870";"Health & Fitness"
"871";"Health & Fitness"
"872";"Health & Fitness"
"873";"Medical"
"874";"Medical"
"875";"Medical"
"876";"Lifestyle"
"877";"Sports"
"878";"Sports"
"879";"Lifestyle"
"880";"Sports"
"881";"Entertainment"
"882";"Health & Fitness"
"883";"Health & Fitness"
"884";"Lifestyle"
"885";"Health & Fitness"
"886";"Health & Fitness"
"887";"Health & Fitness"
"888";"Lifestyle"
"889";"Health & Fitness"
"890";"Health & Fitness"
"891";"Health & Fitness"
"892";"Medical"
"893";"Health & Fitness"
"894";"Health & Fitness"
"895";"Health & Fitness"
"896";"Health & Fitness"
"897";"Medical"
"898";"Health & Fitness"
"899";"Health & Fitness"
"900";"Education"
"901";"Health & Fitness"
"902";"Sports"
"903";"Health & Fitness"
"904";"Games"
"905";"Health & Fitness"
"906";"Sports"
"907";"Health & Fitness"
"908";"Health & Fitness"
"909";"Health & Fitness"
"910";"Health & Fitness"
"911";"Health & Fitness"
"912";"Lifestyle"
"913";"Health & Fitness"
"914";"Health & Fitness"
"915";"Health & Fitness"
"916";"Health & Fitness"
"917";"Health & Fitness"
"918";"Medical"
"919";"Health & Fitness"
"920";"Health & Fitness"
"921";"Medical"
"922";"Health & Fitness"
"923";"Health & Fitness"
"924";"Medical"
"925";"Medical"
"926";"Medical"
"927";"Medical"
"928";"Health & Fitness"
"929";"Health & Fitness"
"930";"Health & Fitness"
"931";"Medical"
"932";"Medical"
"933";"Health & Fitness"
"934";"Health & Fitness"
"935";"Health & Fitness"
"936";"Lifestyle"
"937";"Health & Fitness"
"938";"Health & Fitness"
"939";"Medical"
"940";"Medical"
"941";"Medical"
"942";"Health & Fitness"
"943";"Health & Fitness"
"944";"Medical"
"945";"Medical"
"946";"Sports"
"947";"Health & Fitness"
"948";"Health & Fitness"
"949";"Medical"
"950";"Health & Fitness"
"951";"Medical"
"952";"Medical"
"953";"Games"
"954";"Health & Fitness"
"955";"Health & Fitness"
"956";"Health & Fitness"
"957";"Health & Fitness"
"958";"Health & Fitness"
"959";"Medical"
"960";"Medical"
"961";"Lifestyle"
"962";"Medical"
"963";"Medical"
"964";"Health & Fitness"
"965";"Health & Fitness"
"966";"Health & Fitness"
"967";"Health & Fitness"
"968";"Health & Fitness"
"969";"Health & Fitness"
"970";"Health & Fitness"
"971";"Health & Fitness"
"972";"Health & Fitness"
"973";"Health & Fitness"
"974";"Health & Fitness"
"975";"Health & Fitness"
"976";"Health & Fitness"
"977";"Business"
"978";"Health & Fitness"
"979";"Medical"
"980";"Health & Fitness"
"981";"Health & Fitness"
"982";"Health & Fitness"
"983";"Health & Fitness"
"984";"Health & Fitness"
"985";"Health & Fitness"
"986";"Medical"
"987";"Health & Fitness"
"988";"Medical"
"989";"Health & Fitness"
"990";"Health & Fitness"
"991";"Health & Fitness"
"992";"Health & Fitness"
"993";"Medical"
"994";"Health & Fitness"
"995";"Health & Fitness"
"996";"Health & Fitness"
"997";"Health & Fitness"
"998";"Health & Fitness"
"999";"Medical"
"1000";"Health & Fitness"
"1001";"Health & Fitness"
"1002";"Health & Fitness"
"1003";"Education"
"1004";"Medical"
"1005";"Health & Fitness"
"1006";"Health & Fitness"
"1007";"Medical"
"1008";"Medical"
"1009";"Education"
"1010";"Medical"
"1011";"Medical"
"1012";"Medical"
"1013";"Health & Fitness"
"1014";"Medical"
"1015";"Health & Fitness"
"1016";"Lifestyle"
"1017";"Lifestyle"
"1018";"Lifestyle"
"1019";"Lifestyle"
"1020";"Health & Fitness"
"1021";"Entertainment"
"1022";"Medical"
"1023";"Medical"
"1024";"Medical"
"1025";"Medical"
"1026";"Medical"
"1027";"Health & Fitness"
"1028";"Health & Fitness"
"1029";"Health & Fitness"
"1030";"Health & Fitness"
"1031";"Health & Fitness"
"1032";"Health & Fitness"
"1033";"Health & Fitness"
"1034";"Sports"
"1035";"Health & Fitness"
"1036";"Health & Fitness"
"1037";"Health & Fitness"
"1038";"Sports"
"1039";"Health & Fitness"
"1040";"Health & Fitness"
"1041";"Medical"
"1042";"Medical"
"1043";"Health & Fitness"
"1044";"Medical"
"1045";"Health & Fitness"
"1046";"Health & Fitness"
"1047";"Health & Fitness"
"1048";"Health & Fitness"
"1049";"Health & Fitness"
"1050";"Health & Fitness"
"1051";"Health & Fitness"
"1052";"Health & Fitness"
"1053";"Health & Fitness"
"1054";"Health & Fitness"
"1055";"Health & Fitness"
"1056";"Health & Fitness"
"1057";"Medical"
"1058";"Health & Fitness"
"1059";"Health & Fitness"
"1060";"Health & Fitness"
"1061";"Medical"
"1062";"Health & Fitness"
"1063";"Social Networking"
"1064";"Food & Drink"
"1065";"Health & Fitness"
"1066";"Education"
"1067";"Health & Fitness"
"1068";"Health & Fitness"
"1069";"Health & Fitness"
"1070";"Health & Fitness"
"1071";"Sports"
"1072";"Medical"
"1073";"Health & Fitness"
"1074";"Sports"
"1075";"Health & Fitness"
"1076";"Health & Fitness"
"1077";"Health & Fitness"
"1078";"Medical"
"1079";"Health & Fitness"
"1080";"Medical"
"1081";"Medical"
"1082";"Medical"
"1083";"Health & Fitness"
"1084";"Health & Fitness"
"1085";"Health & Fitness"
"1086";"Health & Fitness"
"1087";"Productivity"
"1088";"Health & Fitness"
"1089";"Health & Fitness"
"1090";"Health & Fitness"
"1091";"Health & Fitness"
"1092";"Sports"
"1093";"Health & Fitness"
"1094";"Health & Fitness"
"1095";"Sports"
"1096";"Medical"
"1097";"Health & Fitness"
"1098";"Health & Fitness"
"1099";"Medical"
"1100";"Health & Fitness"
"1101";"Medical"
"1102";"Health & Fitness"
"1103";"Health & Fitness"
"1104";"Lifestyle"
"1105";"Health & Fitness"
"1106";"Health & Fitness"
"1107";"Navigation"
"1108";"Medical"
"1109";"Lifestyle"
"1110";"Medical"
"1111";"Lifestyle"
"1112";"Navigation"
"1113";"Health & Fitness"
"1114";"Health & Fitness"
"1115";"Medical"
"1116";"Health & Fitness"
"1117";"Health & Fitness"
"1118";"Health & Fitness"
"1119";"Sports"
"1120";"Health & Fitness"
"1121";"Sports"
"1122";"Health & Fitness"
"1123";"Health & Fitness"
"1124";"Health & Fitness"
"1125";"Health & Fitness"
"1126";"Health & Fitness"
"1127";"Health & Fitness"
"1128";"Medical"
"1129";"Medical"
"1130";"Health & Fitness"
"1131";"Health & Fitness"
"1132";"Health & Fitness"
"1133";"Health & Fitness"
"1134";"Medical"
"1135";"Health & Fitness"
"1136";"Medical"
"1137";"Education"
"1138";"Health & Fitness"
"1139";"Medical"
"1140";"Health & Fitness"
"1141";"Medical"
"1142";"Health & Fitness"
"1143";"Sports"
"1144";"Medical"
"1145";"Medical"
"1146";"Entertainment"
"1147";"Food & Drink"
"1148";"Health & Fitness"
"1149";"Health & Fitness"
"1150";"Health & Fitness"
"1151";"Lifestyle"
"1152";"Medical"
"1153";"Health & Fitness"
"1154";"Health & Fitness"
"1155";"Health & Fitness"
"1156";"Medical"
"1157";"Health & Fitness"
"1158";"Lifestyle"
"1159";"Health & Fitness"
"1160";"Health & Fitness"
"1161";"Health & Fitness"
"1162";"Medical"
"1163";"Medical"
"1164";"Health & Fitness"
"1165";"Medical"
"1166";"Health & Fitness"
"1167";"Health & Fitness"
"1168";"Health & Fitness"
"1169";"Health & Fitness"
"1170";"Medical"
"1171";"Health & Fitness"
"1172";"Health & Fitness"
"1173";"Health & Fitness"
"1174";"Health & Fitness"
"1175";"Medical"
"1176";"Health & Fitness"
"1177";"Lifestyle"
"1178";"Lifestyle"
"1179";"Health & Fitness"
"1180";"Sports"
"1181";"Medical"
"1182";"Medical"
"1183";"Medical"
"1184";"Health & Fitness"
"1185";"Medical"
"1186";"Health & Fitness"
"1187";"Medical"
"1188";"Health & Fitness"
"1189";"Sports"
"1190";"Health & Fitness"
"1191";"Health & Fitness"
"1192";"Health & Fitness"
"1193";"Health & Fitness"
"1194";"Medical"
"1195";"Medical"
"1196";"Medical"
"1197";"Lifestyle"
"1198";"Health & Fitness"
"1199";"Education"
"1200";"Health & Fitness"
"1201";"Food & Drink"
"1202";"Health & Fitness"
"1203";"Health & Fitness"
"1204";"Health & Fitness"
"1205";"Sports"
"1206";"Medical"
"1207";"Utilities"
"1208";"Medical"
"1209";"Medical"
"1210";"Sports"
"1211";"Medical"
"1212";"Health & Fitness"
"1213";"Health & Fitness"
"1214";"Health & Fitness"
"1215";"Health & Fitness"
"1216";"Sports"
"1217";"Health & Fitness"
"1218";"Health & Fitness"
"1219";"Utilities"
"1220";"Health & Fitness"
"1221";"Health & Fitness"
"1222";"Medical"
"1223";"Lifestyle"
"1224";"Health & Fitness"
"1225";"Health & Fitness"
"1226";"Navigation"
"1227";"Health & Fitness"
"1228";"Health & Fitness"
"1229";"Health & Fitness"
"1230";"Health & Fitness"
"1231";"Health & Fitness"
"1232";"Medical"
"1233";"Lifestyle"
"1234";"Health & Fitness"
"1235";"Health & Fitness"
"1236";"Health & Fitness"
"1237";"Health & Fitness"
"1238";"Medical"
"1239";"Business"
"1240";"Health & Fitness"
"1241";"Games"
"1242";"Health & Fitness"
"1243";"Health & Fitness"
"1244";"Health & Fitness"
"1245";"Health & Fitness"
"1246";"Medical"
"1247";"Health & Fitness"
"1248";"Health & Fitness"
"1249";"Health & Fitness"
"1250";"Medical"
"1251";"Medical"
"1252";"Health & Fitness"
"1253";"Health & Fitness"
"1254";"Health & Fitness"
"1255";"Health & Fitness"
"1256";"Health & Fitness"
"1257";"Medical"
"1258";"Medical"
"1259";"Health & Fitness"
"1260";"Medical"
"1261";"Lifestyle"
"1262";"Medical"
"1263";"Health & Fitness"
"1264";"Health & Fitness"
"1265";"Health & Fitness"
"1266";"Health & Fitness"
"1267";"Lifestyle"
"1268";"Medical"
"1269";"Sports"
"1270";"Sports"
"1271";"Business"
"1272";"Health & Fitness"
"1273";"Health & Fitness"
"1274";"Health & Fitness"
"1275";"Health & Fitness"
"1276";"Health & Fitness"
"1277";"Food & Drink"
"1278";"Food & Drink"
"1279";"Medical"
"1280";"Health & Fitness"
"1281";"Health & Fitness"
"1282";"Health & Fitness"
"1283";"Health & Fitness"
"1284";"Medical"
"1285";"Health & Fitness"
"1286";"Health & Fitness"
"1287";"Medical"
"1288";"Health & Fitness"
"1289";"Health & Fitness"
"1290";"Health & Fitness"
"1291";"Health & Fitness"
"1292";"Health & Fitness"
"1293";"Health & Fitness"
"1294";"Lifestyle"
"1295";"Health & Fitness"
"1296";"Medical"
"1297";"Games"
"1298";"Health & Fitness"
"1299";"Medical"
"1300";"Health & Fitness"
"1301";"Health & Fitness"
"1302";"Health & Fitness"
"1303";"Health & Fitness"
"1304";"Health & Fitness"
"1305";"Health & Fitness"
"1306";"Health & Fitness"
"1307";"Lifestyle"
"1308";"Health & Fitness"
"1309";"Medical"
"1310";"Health & Fitness"
"1311";"Medical"
"1312";"Sports"
"1313";"Health & Fitness"
"1314";"Health & Fitness"
"1315";"Health & Fitness"
"1316";"Health & Fitness"
"1317";"Education"
"1318";"Sports"
"1319";"Health & Fitness"
"1320";"Navigation"
"1321";"Lifestyle"
"1322";"Lifestyle"
"1323";"Lifestyle"
"1324";"Health & Fitness"
"1325";"Health & Fitness"
"1326";"Health & Fitness"
"1327";"Health & Fitness"
"1328";"Health & Fitness"
"1329";"Sports"
"1330";"Health & Fitness"
"1331";"Lifestyle"
"1332";"Health & Fitness"
"1333";"Education"
"1334";"Medical"
