"","Name","URL","ID"
"1","NeuroRHB ","https://itunes.apple.com/us/app/neurorhb/id844078907?mt=8","https://itunes.apple.com/us/app/neurorhb/id844078907?mt=8"
"2","NeuroRisk ","https://itunes.apple.com/us/app/neurorisk/id729678995?mt=8","https://itunes.apple.com/us/app/neurorisk/id729678995?mt=8"
"3","Neuroscience Lippincott's Illustrated Q&A Review ","https://itunes.apple.com/us/app/neuroscience-lippincotts-illustrated-q-a-review/id805568609?mt=8","https://itunes.apple.com/us/app/neuroscience-lippincotts-illustrated-q-a-review/id805568609?mt=8"
"4","Neuroscience Nursing (CNRN) Review ","https://itunes.apple.com/us/app/neuroscience-nursing-cnrn-review/id1111078931?mt=8","https://itunes.apple.com/us/app/neuroscience-nursing-cnrn-review/id1111078931?mt=8"
"5","NeuroScores ","https://itunes.apple.com/us/app/neuroscores/id1080624856?mt=8","https://itunes.apple.com/us/app/neuroscores/id1080624856?mt=8"
"6","Neurosensory Exam Prep App : Study Notes & Quizzes ","https://itunes.apple.com/us/app/neurosensory-exam-prep-app-study-notes-quizzes/id1179403947?mt=8","https://itunes.apple.com/us/app/neurosensory-exam-prep-app-study-notes-quizzes/id1179403947?mt=8"
"7","Neurosimulator Vol.I ","https://itunes.apple.com/us/app/neurosimulator-vol-i/id1284656285?mt=8","https://itunes.apple.com/us/app/neurosimulator-vol-i/id1284656285?mt=8"
"8","NeuroSpiral ","https://itunes.apple.com/us/app/neurospiral/id526246352?mt=8","https://itunes.apple.com/us/app/neurospiral/id526246352?mt=8"
"9","Neurosurgery App ","https://itunes.apple.com/us/app/neurosurgery-app/id587505622?mt=8","https://itunes.apple.com/us/app/neurosurgery-app/id587505622?mt=8"
"10","Neurosurgery Board Review ","https://itunes.apple.com/us/app/neurosurgery-board-review/id1072325019?mt=8","https://itunes.apple.com/us/app/neurosurgery-board-review/id1072325019?mt=8"
"11","NEUROSURGERY Prep 2018 ","https://itunes.apple.com/us/app/neurosurgery-prep-2018/id1366920968?mt=8","https://itunes.apple.com/us/app/neurosurgery-prep-2018/id1366920968?mt=8"
"12","Neurosurgery Survival Guide ","https://itunes.apple.com/us/app/neurosurgery-survival-guide/id432545124?mt=8","https://itunes.apple.com/us/app/neurosurgery-survival-guide/id432545124?mt=8"
"13","Neurosurgery: What's the data? 2nd Edition ","https://itunes.apple.com/us/app/neurosurgery-whats-the-data-2nd-edition/id937329312?mt=8","https://itunes.apple.com/us/app/neurosurgery-whats-the-data-2nd-edition/id937329312?mt=8"
"14","NeurosurgeryDictation ","https://itunes.apple.com/us/app/neurosurgerydictation/id1168928924?mt=8","https://itunes.apple.com/us/app/neurosurgerydictation/id1168928924?mt=8"
"15","Neurotrauma ","https://itunes.apple.com/us/app/neurotrauma/id685441942?mt=8","https://itunes.apple.com/us/app/neurotrauma/id685441942?mt=8"
"16","NeuroTrauma 2018 ","https://itunes.apple.com/us/app/neurotrauma-2018/id1411408962?mt=8","https://itunes.apple.com/us/app/neurotrauma-2018/id1411408962?mt=8"
"17","NeuroView ","https://itunes.apple.com/us/app/neuroview/id916510336?mt=8","https://itunes.apple.com/us/app/neuroview/id916510336?mt=8"
"18","NeuroViewer ","https://itunes.apple.com/us/app/neuroviewer/id576694257?mt=8","https://itunes.apple.com/us/app/neuroviewer/id576694257?mt=8"
"19","NeuroWave ","https://itunes.apple.com/us/app/neurowave/id833797742?mt=8","https://itunes.apple.com/us/app/neurowave/id833797742?mt=8"
"20","Neutrino RPM ","https://itunes.apple.com/us/app/neutrino-rpm/id986299364?mt=8","https://itunes.apple.com/us/app/neutrino-rpm/id986299364?mt=8"
"21","Neuwirth ","https://itunes.apple.com/us/app/neuwirth/id1080618375?mt=8","https://itunes.apple.com/us/app/neuwirth/id1080618375?mt=8"
"22","Nevada Dental Association Journal ","https://itunes.apple.com/us/app/nevada-dental-association-journal/id1221737728?mt=8","https://itunes.apple.com/us/app/nevada-dental-association-journal/id1221737728?mt=8"
"23","Nevada Drug Card ","https://itunes.apple.com/us/app/nevada-drug-card/id1266841210?mt=8","https://itunes.apple.com/us/app/nevada-drug-card/id1266841210?mt=8"
"24","Nevada Women's Care ","https://itunes.apple.com/us/app/nevada-womens-care/id1113379179?mt=8","https://itunes.apple.com/us/app/nevada-womens-care/id1113379179?mt=8"
"25","Nevasic ","https://itunes.apple.com/us/app/nevasic/id349098250?mt=8","https://itunes.apple.com/us/app/nevasic/id349098250?mt=8"
"26","Never Forget ","https://itunes.apple.com/us/app/never-forget/id569497815?mt=8","https://itunes.apple.com/us/app/never-forget/id569497815?mt=8"
"27","Never Sick ","https://itunes.apple.com/us/app/never-sick/id912007312?mt=8","https://itunes.apple.com/us/app/never-sick/id912007312?mt=8"
"28","New Age Medical ","https://itunes.apple.com/us/app/new-age-medical/id1179143333?mt=8","https://itunes.apple.com/us/app/new-age-medical/id1179143333?mt=8"
"29","New Age Physiotherapy ","https://itunes.apple.com/us/app/new-age-physiotherapy/id1291960153?mt=8","https://itunes.apple.com/us/app/new-age-physiotherapy/id1291960153?mt=8"
"30","New Baby, New Life. Overcoming Postnatal Depression through Hypnosis. ","https://itunes.apple.com/us/app/new-baby-new-life-overcoming-postnatal-depression-through/id853046890?mt=8","https://itunes.apple.com/us/app/new-baby-new-life-overcoming-postnatal-depression-through/id853046890?mt=8"
"31","New Beginnings PRC ","https://itunes.apple.com/us/app/new-beginnings-prc/id1410475698?mt=8","https://itunes.apple.com/us/app/new-beginnings-prc/id1410475698?mt=8"
"32","NEW CARDIO ","https://itunes.apple.com/us/app/new-cardio/id955854018?mt=8","https://itunes.apple.com/us/app/new-cardio/id955854018?mt=8"
"33","New Cardiovascular Horizons (NCVH) Meetings ","https://itunes.apple.com/us/app/new-cardiovascular-horizons-ncvh-meetings/id1083655394?mt=8","https://itunes.apple.com/us/app/new-cardiovascular-horizons-ncvh-meetings/id1083655394?mt=8"
"34","New Hampshire Pharmacy ","https://itunes.apple.com/us/app/new-hampshire-pharmacy/id1034424350?mt=8","https://itunes.apple.com/us/app/new-hampshire-pharmacy/id1034424350?mt=8"
"35","New Hanover Regional Medical Center ","https://itunes.apple.com/us/app/new-hanover-regional-medical-center/id955472077?mt=8","https://itunes.apple.com/us/app/new-hanover-regional-medical-center/id955472077?mt=8"
"36","New Hope CLinic ","https://itunes.apple.com/us/app/new-hope-clinic/id774114940?mt=8","https://itunes.apple.com/us/app/new-hope-clinic/id774114940?mt=8"
"37","New Look Skin Center ","https://itunes.apple.com/us/app/new-look-skin-center/id1091451669?mt=8","https://itunes.apple.com/us/app/new-look-skin-center/id1091451669?mt=8"
"38","New Madrid Rx ","https://itunes.apple.com/us/app/new-madrid-rx/id927969650?mt=8","https://itunes.apple.com/us/app/new-madrid-rx/id927969650?mt=8"
"39","New Me by Blossom Bariatrics Surgery ","https://itunes.apple.com/us/app/new-me-by-blossom-bariatrics-surgery/id1034406108?mt=8","https://itunes.apple.com/us/app/new-me-by-blossom-bariatrics-surgery/id1034406108?mt=8"
"40","New Mexico Health Connections ","https://itunes.apple.com/us/app/new-mexico-health-connections/id1269226767?mt=8","https://itunes.apple.com/us/app/new-mexico-health-connections/id1269226767?mt=8"
"41","New Pharmacy ","https://itunes.apple.com/us/app/new-pharmacy/id1112233488?mt=8","https://itunes.apple.com/us/app/new-pharmacy/id1112233488?mt=8"
"42","New Road Pharmacy ","https://itunes.apple.com/us/app/new-road-pharmacy/id1068305674?mt=8","https://itunes.apple.com/us/app/new-road-pharmacy/id1068305674?mt=8"
"43","New Smiles ","https://itunes.apple.com/us/app/new-smiles/id1429985180?mt=8","https://itunes.apple.com/us/app/new-smiles/id1429985180?mt=8"
"44","New Surgery Referrals for Ohio State ","https://itunes.apple.com/us/app/new-surgery-referrals-for-ohio-state/id1234964614?mt=8","https://itunes.apple.com/us/app/new-surgery-referrals-for-ohio-state/id1234964614?mt=8"
"45","New Vitalis ","https://itunes.apple.com/us/app/new-vitalis/id1175782126?mt=8","https://itunes.apple.com/us/app/new-vitalis/id1175782126?mt=8"
"46","New Year Collage ","https://itunes.apple.com/us/app/new-year-collage/id1155506769?mt=8","https://itunes.apple.com/us/app/new-year-collage/id1155506769?mt=8"
"47","New Year Photo Frames - Graphic Design ","https://itunes.apple.com/us/app/new-year-photo-frames-graphic-design/id1166868857?mt=8","https://itunes.apple.com/us/app/new-year-photo-frames-graphic-design/id1166868857?mt=8"
"48","New York Bariatric Group ","https://itunes.apple.com/us/app/new-york-bariatric-group/id933407628?mt=8","https://itunes.apple.com/us/app/new-york-bariatric-group/id933407628?mt=8"
"49","New York Hospitals ","https://itunes.apple.com/us/app/new-york-hospitals/id1090705517?mt=8","https://itunes.apple.com/us/app/new-york-hospitals/id1090705517?mt=8"
"50","New You Challenge ","https://itunes.apple.com/us/app/new-you-challenge/id1329500187?mt=8","https://itunes.apple.com/us/app/new-you-challenge/id1329500187?mt=8"
"51","New! Depression Test ","https://itunes.apple.com/us/app/new-depression-test/id1337346346?mt=8","https://itunes.apple.com/us/app/new-depression-test/id1337346346?mt=8"
"52","NewBone ","https://itunes.apple.com/us/app/newbone/id1253149415?mt=8","https://itunes.apple.com/us/app/newbone/id1253149415?mt=8"
"53","Newborn Baby Care, Advices, lessons, Tips & Tricks. ","https://itunes.apple.com/us/app/newborn-baby-care-advices-lessons-tips-tricks/id1066003215?mt=8","https://itunes.apple.com/us/app/newborn-baby-care-advices-lessons-tips-tricks/id1066003215?mt=8"
"54","Newborn Baby Tracker ","https://itunes.apple.com/us/app/newborn-baby-tracker/id1262447772?mt=8","https://itunes.apple.com/us/app/newborn-baby-tracker/id1262447772?mt=8"
"55","Newborn Development Milestones - including Play and Vaccination Recommendations ","https://itunes.apple.com/us/app/newborn-development-milestones-including-play-vaccination/id1077680155?mt=8","https://itunes.apple.com/us/app/newborn-development-milestones-including-play-vaccination/id1077680155?mt=8"
"56","Newborn Physique ","https://itunes.apple.com/us/app/newborn-physique/id499162425?mt=8","https://itunes.apple.com/us/app/newborn-physique/id499162425?mt=8"
"57","Newborn Twins Surgery Care ","https://itunes.apple.com/us/app/newborn-twins-surgery-care/id1090733011?mt=8","https://itunes.apple.com/us/app/newborn-twins-surgery-care/id1090733011?mt=8"
"58","Newborn Ventilation Trainer ","https://itunes.apple.com/us/app/newborn-ventilation-trainer/id1112118079?mt=8","https://itunes.apple.com/us/app/newborn-ventilation-trainer/id1112118079?mt=8"
"59","Newborn. ","https://itunes.apple.com/us/app/newborn/id1392953694?mt=8","https://itunes.apple.com/us/app/newborn/id1392953694?mt=8"
"60","NewbornCare ","https://itunes.apple.com/us/app/newborncare/id756007885?mt=8","https://itunes.apple.com/us/app/newborncare/id756007885?mt=8"
"61","Newcare Mobile ","https://itunes.apple.com/us/app/newcare-mobile/id978347858?mt=8","https://itunes.apple.com/us/app/newcare-mobile/id978347858?mt=8"
"62","NewEyes 3D Simulator ","https://itunes.apple.com/us/app/neweyes-3d-simulator/id1380118534?mt=8","https://itunes.apple.com/us/app/neweyes-3d-simulator/id1380118534?mt=8"
"63","NewEyes Scientific Predict ","https://itunes.apple.com/us/app/neweyes-scientific-predict/id1128846254?mt=8","https://itunes.apple.com/us/app/neweyes-scientific-predict/id1128846254?mt=8"
"64","NewEyes Simulador Científico ","https://itunes.apple.com/us/app/neweyes-simulador-cient%C3%ADfico/id1131600614?mt=8","https://itunes.apple.com/us/app/neweyes-simulador-cient%C3%ADfico/id1131600614?mt=8"
"65","Newhair ","https://itunes.apple.com/us/app/newhair/id1238296455?mt=8","https://itunes.apple.com/us/app/newhair/id1238296455?mt=8"
"66","Newlife ","https://itunes.apple.com/us/app/newlife/id1205870522?mt=8","https://itunes.apple.com/us/app/newlife/id1205870522?mt=8"
"67","Newlife for Ramsay GDS ","https://itunes.apple.com/us/app/newlife-for-ramsay-gds/id1175480192?mt=8","https://itunes.apple.com/us/app/newlife-for-ramsay-gds/id1175480192?mt=8"
"68","NewLines ","https://itunes.apple.com/us/app/newlines/id1234617203?mt=8","https://itunes.apple.com/us/app/newlines/id1234617203?mt=8"
"69","NewMind System ","https://itunes.apple.com/us/app/newmind-system/id1161322041?mt=8","https://itunes.apple.com/us/app/newmind-system/id1161322041?mt=8"
"70","NewPORIMS AS ","https://itunes.apple.com/us/app/newporims-as/id1226222175?mt=8","https://itunes.apple.com/us/app/newporims-as/id1226222175?mt=8"
"71","Newport Beach Plastic Surgery by Dr. Sanjay Grover ","https://itunes.apple.com/us/app/newport-beach-plastic-surgery-by-dr-sanjay-grover/id397453916?mt=8","https://itunes.apple.com/us/app/newport-beach-plastic-surgery-by-dr-sanjay-grover/id397453916?mt=8"
"72","Newport Group Flex Benefits ","https://itunes.apple.com/us/app/newport-group-flex-benefits/id1326715521?mt=8","https://itunes.apple.com/us/app/newport-group-flex-benefits/id1326715521?mt=8"
"73","NEWS / MEWS Calculator ","https://itunes.apple.com/us/app/news-mews-calculator/id1169945374?mt=8","https://itunes.apple.com/us/app/news-mews-calculator/id1169945374?mt=8"
"74","NEWS Calc ","https://itunes.apple.com/us/app/news-calc/id1317619003?mt=8","https://itunes.apple.com/us/app/news-calc/id1317619003?mt=8"
"75","NEWS Wales ","https://itunes.apple.com/us/app/news-wales/id543567642?mt=8","https://itunes.apple.com/us/app/news-wales/id543567642?mt=8"
"76","NewsMed ","https://itunes.apple.com/us/app/newsmed/id1342668853?mt=8","https://itunes.apple.com/us/app/newsmed/id1342668853?mt=8"
"77","NewSouth NeuroSpine ","https://itunes.apple.com/us/app/newsouth-neurospine/id994579557?mt=8","https://itunes.apple.com/us/app/newsouth-neurospine/id994579557?mt=8"
"78","NewStep ","https://itunes.apple.com/us/app/newstep/id951101454?mt=8","https://itunes.apple.com/us/app/newstep/id951101454?mt=8"
"79","NewTom Control Pad ","https://itunes.apple.com/us/app/newtom-control-pad/id1413731899?mt=8","https://itunes.apple.com/us/app/newtom-control-pad/id1413731899?mt=8"
"80","NewTom GO Control Pad ","https://itunes.apple.com/us/app/newtom-go-control-pad/id1013932403?mt=8","https://itunes.apple.com/us/app/newtom-go-control-pad/id1013932403?mt=8"
"81","NewTom VGi evo ","https://itunes.apple.com/us/app/newtom-vgi-evo/id967952082?mt=8","https://itunes.apple.com/us/app/newtom-vgi-evo/id967952082?mt=8"
"82","Newton Falls Family Pharmacy ","https://itunes.apple.com/us/app/newton-falls-family-pharmacy/id1210442210?mt=8","https://itunes.apple.com/us/app/newton-falls-family-pharmacy/id1210442210?mt=8"
"83","Newton Health ","https://itunes.apple.com/us/app/newton-health/id1214281179?mt=8","https://itunes.apple.com/us/app/newton-health/id1214281179?mt=8"
"84","NewYork-Presbyterian (NYP) ","https://itunes.apple.com/us/app/newyork-presbyterian-nyp/id1067978515?mt=8","https://itunes.apple.com/us/app/newyork-presbyterian-nyp/id1067978515?mt=8"
"85","NEX CAM ","https://itunes.apple.com/us/app/nex-cam/id982945061?mt=8","https://itunes.apple.com/us/app/nex-cam/id982945061?mt=8"
"86","NexHealth | Doctor's appointment with a tap! ","https://itunes.apple.com/us/app/nexhealth-doctors-appointment-with-a-tap/id1123498396?mt=8","https://itunes.apple.com/us/app/nexhealth-doctors-appointment-with-a-tap/id1123498396?mt=8"
"87","NexJ Health Pro ","https://itunes.apple.com/us/app/nexj-health-pro/id927458183?mt=8","https://itunes.apple.com/us/app/nexj-health-pro/id927458183?mt=8"
"88","Next Accountability ","https://itunes.apple.com/us/app/next-accountability/id1334909122?mt=8","https://itunes.apple.com/us/app/next-accountability/id1334909122?mt=8"
"89","Next Level Urgent Care ","https://itunes.apple.com/us/app/next-level-urgent-care/id1007463193?mt=8","https://itunes.apple.com/us/app/next-level-urgent-care/id1007463193?mt=8"
"90","Next Medicine Now ","https://itunes.apple.com/us/app/next-medicine-now/id965663785?mt=8","https://itunes.apple.com/us/app/next-medicine-now/id965663785?mt=8"
"91","Next Practice ","https://itunes.apple.com/us/app/next-practice/id1406621788?mt=8","https://itunes.apple.com/us/app/next-practice/id1406621788?mt=8"
"92","Next Recovery ","https://itunes.apple.com/us/app/next-recovery/id1329014719?mt=8","https://itunes.apple.com/us/app/next-recovery/id1329014719?mt=8"
"93","Next Saúde ","https://itunes.apple.com/us/app/next-sa%C3%BAde/id1246785381?mt=8","https://itunes.apple.com/us/app/next-sa%C3%BAde/id1246785381?mt=8"
"94","NEXtCARE ","https://itunes.apple.com/us/app/nextcare/id1039800748?mt=8","https://itunes.apple.com/us/app/nextcare/id1039800748?mt=8"
"95","Nextech ","https://itunes.apple.com/us/app/nextech/id496924413?mt=8","https://itunes.apple.com/us/app/nextech/id496924413?mt=8"
"96","NextGen Go ","https://itunes.apple.com/us/app/nextgen-go/id980425514?mt=8","https://itunes.apple.com/us/app/nextgen-go/id980425514?mt=8"
"97","NextGen Patient Portal ","https://itunes.apple.com/us/app/nextgen-patient-portal/id1165589210?mt=8","https://itunes.apple.com/us/app/nextgen-patient-portal/id1165589210?mt=8"
"98","NextGen Sleep ","https://itunes.apple.com/us/app/nextgen-sleep/id1303259900?mt=8","https://itunes.apple.com/us/app/nextgen-sleep/id1303259900?mt=8"
"99","NextGen UGM ","https://itunes.apple.com/us/app/nextgen-ugm/id1300746242?mt=8","https://itunes.apple.com/us/app/nextgen-ugm/id1300746242?mt=8"
"100","NextLevel Health ","https://itunes.apple.com/us/app/nextlevel-health/id1384688804?mt=8","https://itunes.apple.com/us/app/nextlevel-health/id1384688804?mt=8"
"101","NextLife ","https://itunes.apple.com/us/app/nextlife/id1267209934?mt=8","https://itunes.apple.com/us/app/nextlife/id1267209934?mt=8"
"102","NextMotion ","https://itunes.apple.com/us/app/nextmotion/id1092580105?mt=8","https://itunes.apple.com/us/app/nextmotion/id1092580105?mt=8"
"103","NextPatient Telemedicine ","https://itunes.apple.com/us/app/nextpatient-telemedicine/id1135722968?mt=8","https://itunes.apple.com/us/app/nextpatient-telemedicine/id1135722968?mt=8"
"104","Nezabudni - pripomienka k užitiu antikoncepčnej pilulky ","https://itunes.apple.com/us/app/nezabudni-pripomienka-k-u%C5%BEitiu-antikoncep%C4%8Dnej-pilulky/id1039780564?mt=8","https://itunes.apple.com/us/app/nezabudni-pripomienka-k-u%C5%BEitiu-antikoncep%C4%8Dnej-pilulky/id1039780564?mt=8"
"105","NFIC 2017 ","https://itunes.apple.com/us/app/nfic-2017/id1055611677?mt=8","https://itunes.apple.com/us/app/nfic-2017/id1055611677?mt=8"
"106","NFP Fertility Charting ","https://itunes.apple.com/us/app/nfp-fertility-charting/id1422511279?mt=8","https://itunes.apple.com/us/app/nfp-fertility-charting/id1422511279?mt=8"
"107","NFP-Adem ","https://itunes.apple.com/us/app/nfp-adem/id947324941?mt=8","https://itunes.apple.com/us/app/nfp-adem/id947324941?mt=8"
"108","NGF Veileder i fødselshjelp ","https://itunes.apple.com/us/app/ngf-veileder-i-f%C3%B8dselshjelp/id924037156?mt=8","https://itunes.apple.com/us/app/ngf-veileder-i-f%C3%B8dselshjelp/id924037156?mt=8"
"109","NGF Veileder i generell gynekologi ","https://itunes.apple.com/us/app/ngf-veileder-i-generell-gynekologi/id1074971814?mt=8","https://itunes.apple.com/us/app/ngf-veileder-i-generell-gynekologi/id1074971814?mt=8"
"110","NGH Plus ","https://itunes.apple.com/us/app/ngh-plus/id1025010448?mt=8","https://itunes.apple.com/us/app/ngh-plus/id1025010448?mt=8"
"111","NGHA Events ","https://itunes.apple.com/us/app/ngha-events/id1122481403?mt=8","https://itunes.apple.com/us/app/ngha-events/id1122481403?mt=8"
"112","NGI Member ","https://itunes.apple.com/us/app/ngi-member/id1387773431?mt=8","https://itunes.apple.com/us/app/ngi-member/id1387773431?mt=8"
"113","Ngân Hàng Tóc ","https://itunes.apple.com/us/app/ng%C3%A2n-h%C3%A0ng-t%C3%B3c/id1182227304?mt=8","https://itunes.apple.com/us/app/ng%C3%A2n-h%C3%A0ng-t%C3%B3c/id1182227304?mt=8"
"114","NH CAMPEN ","https://itunes.apple.com/us/app/nh-campen/id1247800327?mt=8","https://itunes.apple.com/us/app/nh-campen/id1247800327?mt=8"
"115","NH Library ","https://itunes.apple.com/us/app/nh-library/id1218535837?mt=8","https://itunes.apple.com/us/app/nh-library/id1218535837?mt=8"
"116","NH Patient ","https://itunes.apple.com/us/app/nh-patient/id870092040?mt=8","https://itunes.apple.com/us/app/nh-patient/id870092040?mt=8"
"117","NH Pensacola ","https://itunes.apple.com/us/app/nh-pensacola/id977487764?mt=8","https://itunes.apple.com/us/app/nh-pensacola/id977487764?mt=8"
"118","NHA CCMA STUDY GUIDE & Exam Prep App 2017 ","https://itunes.apple.com/us/app/nha-ccma-study-guide-exam-prep-app-2017/id1216974641?mt=8","https://itunes.apple.com/us/app/nha-ccma-study-guide-exam-prep-app-2017/id1216974641?mt=8"
"119","NHA CET Pocket Prep ","https://itunes.apple.com/us/app/nha-cet-pocket-prep/id1331035042?mt=8","https://itunes.apple.com/us/app/nha-cet-pocket-prep/id1331035042?mt=8"
"120","NHA CPT Pocket Prep ","https://itunes.apple.com/us/app/nha-cpt-pocket-prep/id1261525978?mt=8","https://itunes.apple.com/us/app/nha-cpt-pocket-prep/id1261525978?mt=8"
"121","NHAM Medical Conferences ","https://itunes.apple.com/us/app/nham-medical-conferences/id1363762734?mt=8","https://itunes.apple.com/us/app/nham-medical-conferences/id1363762734?mt=8"
"122","NHC Corpus Christi ","https://itunes.apple.com/us/app/nhc-corpus-christi/id981835032?mt=8","https://itunes.apple.com/us/app/nhc-corpus-christi/id981835032?mt=8"
"123","NHCI Intranet ","https://itunes.apple.com/us/app/nhci-intranet/id1181131647?mt=8","https://itunes.apple.com/us/app/nhci-intranet/id1181131647?mt=8"
"124","NHCL Staff ","https://itunes.apple.com/us/app/nhcl-staff/id1018842537?mt=8","https://itunes.apple.com/us/app/nhcl-staff/id1018842537?mt=8"
"125","NHCNE ","https://itunes.apple.com/us/app/nhcne/id995178060?mt=8","https://itunes.apple.com/us/app/nhcne/id995178060?mt=8"
"126","NHCPenalty ","https://itunes.apple.com/us/app/nhcpenalty/id903819990?mt=8","https://itunes.apple.com/us/app/nhcpenalty/id903819990?mt=8"
"127","NHCPR ","https://itunes.apple.com/us/app/nhcpr/id978380858?mt=8","https://itunes.apple.com/us/app/nhcpr/id978380858?mt=8"
"128","NHealth ","https://itunes.apple.com/us/app/nhealth/id828918565?mt=8","https://itunes.apple.com/us/app/nhealth/id828918565?mt=8"
"129","NHF Quick Prescript ","https://itunes.apple.com/us/app/nhf-quick-prescript/id1407003892?mt=8","https://itunes.apple.com/us/app/nhf-quick-prescript/id1407003892?mt=8"
"130","NHG LEAP ","https://itunes.apple.com/us/app/nhg-leap/id1129697709?mt=8","https://itunes.apple.com/us/app/nhg-leap/id1129697709?mt=8"
"131","NHG Standaarden ","https://itunes.apple.com/us/app/nhg-standaarden/id531685211?mt=8","https://itunes.apple.com/us/app/nhg-standaarden/id531685211?mt=8"
"132","NHJax ","https://itunes.apple.com/us/app/nhjax/id950506734?mt=8","https://itunes.apple.com/us/app/nhjax/id950506734?mt=8"
"133","NHS 24 Self-Help ","https://itunes.apple.com/us/app/nhs-24-self-help/id1147691875?mt=8","https://itunes.apple.com/us/app/nhs-24-self-help/id1147691875?mt=8"
"134","NHS Attend Anywhere ","https://itunes.apple.com/us/app/nhs-attend-anywhere/id1173357277?mt=8","https://itunes.apple.com/us/app/nhs-attend-anywhere/id1173357277?mt=8"
"135","NHS Community Health App ","https://itunes.apple.com/us/app/nhs-community-health-app/id768762388?mt=8","https://itunes.apple.com/us/app/nhs-community-health-app/id768762388?mt=8"
"136","NHS Contract ","https://itunes.apple.com/us/app/nhs-contract/id1185472887?mt=8","https://itunes.apple.com/us/app/nhs-contract/id1185472887?mt=8"
"137","NHS Do OD ","https://itunes.apple.com/us/app/nhs-do-od/id935641467?mt=8","https://itunes.apple.com/us/app/nhs-do-od/id935641467?mt=8"
"138","NHS Dumfries Formulary ","https://itunes.apple.com/us/app/nhs-dumfries-formulary/id662927053?mt=8","https://itunes.apple.com/us/app/nhs-dumfries-formulary/id662927053?mt=8"
"139","NHS Forth Valley Formulary ","https://itunes.apple.com/us/app/nhs-forth-valley-formulary/id593011753?mt=8","https://itunes.apple.com/us/app/nhs-forth-valley-formulary/id593011753?mt=8"
"140","NHS Friends and Family Test ","https://itunes.apple.com/us/app/nhs-friends-and-family-test/id998314876?mt=8","https://itunes.apple.com/us/app/nhs-friends-and-family-test/id998314876?mt=8"
"141","NHS Go ","https://itunes.apple.com/us/app/nhs-go/id1122642228?mt=8","https://itunes.apple.com/us/app/nhs-go/id1122642228?mt=8"
"142","NHS Health Sat Nav - Coventry & Warwickshire ","https://itunes.apple.com/us/app/nhs-health-sat-nav-coventry-warwickshire/id740615908?mt=8","https://itunes.apple.com/us/app/nhs-health-sat-nav-coventry-warwickshire/id740615908?mt=8"
"143","NHS HESW Resources ","https://itunes.apple.com/us/app/nhs-hesw-resources/id1012999126?mt=8","https://itunes.apple.com/us/app/nhs-hesw-resources/id1012999126?mt=8"
"144","NHS Highland Formulary ","https://itunes.apple.com/us/app/nhs-highland-formulary/id591781285?mt=8","https://itunes.apple.com/us/app/nhs-highland-formulary/id591781285?mt=8"
"145","NHS Lothian Companion ","https://itunes.apple.com/us/app/nhs-lothian-companion/id1035636737?mt=8","https://itunes.apple.com/us/app/nhs-lothian-companion/id1035636737?mt=8"
"146","NHS Now ","https://itunes.apple.com/us/app/nhs-now/id1049702707?mt=8","https://itunes.apple.com/us/app/nhs-now/id1049702707?mt=8"
"147","NHS Online Bexley ","https://itunes.apple.com/us/app/nhs-online-bexley/id1294224793?mt=8","https://itunes.apple.com/us/app/nhs-online-bexley/id1294224793?mt=8"
"148","NHS Online: 111 ","https://itunes.apple.com/us/app/nhs-online-111/id1196229018?mt=8","https://itunes.apple.com/us/app/nhs-online-111/id1196229018?mt=8"
"149","NHS Pain & Symptom Guideline ","https://itunes.apple.com/us/app/nhs-pain-symptom-guideline/id1298433195?mt=8","https://itunes.apple.com/us/app/nhs-pain-symptom-guideline/id1298433195?mt=8"
"150","NHS Pre-operative Test Checker ","https://itunes.apple.com/us/app/nhs-pre-operative-test-checker/id688146184?mt=8","https://itunes.apple.com/us/app/nhs-pre-operative-test-checker/id688146184?mt=8"
